{
    "gamesList": [
    {
      //"title": "PUBG GLOBAL",
     // "package": "com.tencent.ig",
     // "version": "3.6.0",
     // "status": "Safe"
    },
    {
     // "title": "PUBG KOREA",
     // "package": "com.pubg.krmobile",
    //  "version": "3.6.0",
     // "status": "Safe"
    },
      {
        //"title": "PUBG VIETNAM",
       // "package": "com.vng.pubgmobile",
      //  "version": "3.6.0",
       // "status": "Safe"
      },
    {
     // "title": "PUBG TAIWAN",
     // "package": "com.rekoo.pubgm",
     // "version": "3.6.0",
     // "status": "Safe"
    },
      {
        "title": "BGMI INDIA",
        "package": "com.pubg.imobile",
        "version": "3.7.0",
        "status": "Safe"
      }
  ]
}